scenario,scenario_family,scenario_i,magnitude,backend,obefore_order,commit_every,mapsize_mb,repeat_reconcile,slice_begin_ts,slice_end_ts,step_in_slice,n_common_in_slice,n_a_only_in_slice,n_b_only_in_slice,n_common_outside_before,n_common_outside_after,n_a_only_outside_before,n_a_only_outside_after,n_b_only_outside_before,n_b_only_outside_after,fullA,fullB,sliceA,sliceB,expected_have,expected_need,have,need,prep_total_ms,prep_open_ms,prep_populate_ms,prep_commit_ms,prep_seal_ms,prep_expected_ms,prep_serialize_ms,open_ms,build_ms,reconcile_ms,decode_sort_ms,total_bench_ms,msg_count,bytes_a_to_b,bytes_b_to_a,A_apparent_bytes,A_alloc_bytes,A_used_bytes_est,B_apparent_bytes,B_alloc_bytes,B_used_bytes_est,A_depth,A_branch_pages,A_leaf_pages,A_overflow_pages,A_entries,A_last_pgno,A_page_size,B_depth,B_branch_pages,B_leaf_pages,B_overflow_pages,B_entries,B_last_pgno,B_page_size,rss_kb_before,rss_kb_after
baseline_dense_1,baseline_dense,1,8,Vector,desc,0,2048,10,10000,10070,1,64,4,4,500,500,100,100,100,100,1268,1268,68,68,4,4,4,4,1.711,0.109,0.166,0.000,0.050,1.212,0.147,0.177,0.000,0.101,0.000,0.279,1,306,137,50728,53248,50728,50728,53248,50728,0,0,0,0,0,0,0,0,0,0,0,0,0,0,5016,7492
baseline_dense_1,baseline_dense,1,8,BTreeLMDB,desc,0,2048,10,10000,10070,1,64,4,4,500,500,100,100,100,100,1268,1268,68,68,4,4,4,4,13.019,6.393,6.616,5.990,0.000,0.000,0.000,0.081,0.014,0.376,0.000,0.470,1,306,137,135168,131072,126976,135168,131072,126976,1,0,1,25,26,30,4096,1,0,1,25,26,30,4096,4996,7848
baseline_dense_1,baseline_dense,1,8,AELMDBSlice,desc,0,2048,10,10000,10070,1,64,4,4,500,500,100,100,100,100,1268,1268,68,68,4,4,4,4,10.876,5.763,5.110,4.198,0.000,0.000,0.000,0.079,0.008,0.151,0.000,0.239,1,306,137,126976,122880,118784,126976,122880,118784,2,1,23,0,1268,28,4096,2,1,23,0,1268,28,4096,4996,7852
baseline_dense_1,baseline_dense,1,8,NoAggWindowSliceAELMDB,desc,0,2048,10,10000,10070,1,64,4,4,500,500,100,100,100,100,1268,1268,68,68,4,4,4,4,10.876,5.763,5.110,4.198,0.000,0.000,0.000,0.061,0.003,0.162,0.000,0.225,1,306,137,126976,122880,118784,126976,122880,118784,2,1,23,0,1268,28,4096,2,1,23,0,1268,28,4096,4888,7764
baseline_sparse_1,baseline_sparse,1,8,Vector,desc,0,2048,10,50000,50408,3,128,6,6,1000,1000,200,200,200,200,2534,2534,134,134,6,6,6,6,0.682,0.037,0.110,0.000,0.076,0.165,0.292,0.405,0.001,0.099,0.000,0.505,1,307,266,101368,102400,101368,101368,102400,101368,0,0,0,0,0,0,0,0,0,0,0,0,0,0,4972,7548
baseline_sparse_1,baseline_sparse,1,8,BTreeLMDB,desc,0,2048,10,50000,50408,3,128,6,6,1000,1000,200,200,200,200,2534,2534,134,134,6,6,6,6,9.208,3.505,5.695,4.571,0.000,0.000,0.000,0.068,0.032,0.641,0.000,0.741,1,307,266,229376,225280,221184,229376,225280,221184,1,0,1,48,49,53,4096,1,0,1,48,49,53,4096,5000,8044
baseline_sparse_1,baseline_sparse,1,8,AELMDBSlice,desc,0,2048,10,50000,50408,3,128,6,6,1000,1000,200,200,200,200,2534,2534,134,134,6,6,6,6,9.280,3.446,5.828,4.183,0.000,0.000,0.000,0.070,0.010,0.174,0.000,0.253,1,307,266,233472,229376,225280,233472,229376,225280,3,3,47,0,2534,54,4096,3,3,47,0,2534,54,4096,4980,7796
baseline_sparse_1,baseline_sparse,1,8,NoAggWindowSliceAELMDB,desc,0,2048,10,50000,50408,3,128,6,6,1000,1000,200,200,200,200,2534,2534,134,134,6,6,6,6,9.280,3.446,5.828,4.183,0.000,0.000,0.000,0.070,0.007,0.180,0.000,0.257,1,307,266,233472,229376,225280,233472,229376,225280,3,3,47,0,2534,54,4096,3,3,47,0,2534,54,4096,4992,7796
baseline_dense_2,baseline_dense,2,8,Vector,desc,0,2048,10,10000,10138,1,128,8,8,1000,1000,200,200,200,200,2536,2536,136,136,8,8,8,8,0.610,0.040,0.056,0.000,0.074,0.144,0.294,0.377,0.001,0.103,0.000,0.480,1,306,265,101448,102400,101448,101448,102400,101448,0,0,0,0,0,0,0,0,0,0,0,0,0,0,5020,7592
baseline_dense_2,baseline_dense,2,8,BTreeLMDB,desc,0,2048,10,10000,10138,1,128,8,8,1000,1000,200,200,200,200,2536,2536,136,136,8,8,8,8,8.785,3.452,5.326,4.216,0.000,0.000,0.000,0.069,0.032,0.632,0.000,0.732,1,306,265,229376,225280,221184,229376,225280,221184,1,0,1,48,49,53,4096,1,0,1,48,49,53,4096,4976,8040
baseline_dense_2,baseline_dense,2,8,AELMDBSlice,desc,0,2048,10,10000,10138,1,128,8,8,1000,1000,200,200,200,200,2536,2536,136,136,8,8,8,8,9.873,3.886,5.985,4.128,0.000,0.000,0.000,0.073,0.008,0.169,0.000,0.250,1,306,265,233472,229376,225280,233472,229376,225280,3,3,47,0,2536,54,4096,3,3,47,0,2536,54,4096,4980,7796
baseline_dense_2,baseline_dense,2,8,NoAggWindowSliceAELMDB,desc,0,2048,10,10000,10138,1,128,8,8,1000,1000,200,200,200,200,2536,2536,136,136,8,8,8,8,9.873,3.886,5.985,4.128,0.000,0.000,0.000,0.060,0.003,0.174,0.000,0.238,1,306,265,233472,229376,225280,233472,229376,225280,3,3,47,0,2536,54,4096,3,3,47,0,2536,54,4096,4960,7784
baseline_sparse_2,baseline_sparse,2,8,Vector,desc,0,2048,10,50000,51620,6,256,12,12,2000,2000,400,400,400,400,5068,5068,268,268,12,12,12,12,0.993,0.035,0.232,0.000,0.135,0.127,0.463,0.779,0.001,0.102,0.000,0.881,1,307,522,202728,204800,202728,202728,204800,202728,0,0,0,0,0,0,0,0,0,0,0,0,0,0,5016,7796
baseline_sparse_2,baseline_sparse,2,8,BTreeLMDB,desc,0,2048,10,50000,51620,6,256,12,12,2000,2000,400,400,400,400,5068,5068,268,268,12,12,12,12,11.738,3.439,8.292,5.788,0.000,0.000,0.000,0.081,0.063,1.169,0.000,1.313,1,307,522,430080,425984,421888,430080,425984,421888,1,0,1,97,98,102,4096,1,0,1,97,98,102,4096,4984,8428
baseline_sparse_2,baseline_sparse,2,8,AELMDBSlice,desc,0,2048,10,50000,51620,6,256,12,12,2000,2000,400,400,400,400,5068,5068,268,268,12,12,12,12,14.333,4.277,10.052,6.271,0.000,0.000,0.000,0.076,0.009,0.162,0.000,0.247,1,307,522,425984,421888,417792,425984,421888,417792,3,4,93,0,5068,101,4096,3,4,93,0,5068,101,4096,4960,7920
baseline_sparse_2,baseline_sparse,2,8,NoAggWindowSliceAELMDB,desc,0,2048,10,50000,51620,6,256,12,12,2000,2000,400,400,400,400,5068,5068,268,268,12,12,12,12,14.333,4.277,10.052,6.271,0.000,0.000,0.000,0.077,0.007,0.187,0.000,0.271,1,307,522,425984,421888,417792,425984,421888,417792,3,4,93,0,5068,101,4096,3,4,93,0,5068,101,4096,4964,8052
baseline_dense_3,baseline_dense,3,8,Vector,desc,0,2048,10,10000,10206,1,192,12,12,1500,1500,300,300,300,300,3804,3804,204,204,12,12,12,12,0.811,0.043,0.082,0.000,0.120,0.157,0.408,0.498,0.001,0.099,0.000,0.598,1,306,393,152168,155648,152168,152168,155648,152168,0,0,0,0,0,0,0,0,0,0,0,0,0,0,4928,7676
baseline_dense_3,baseline_dense,3,8,BTreeLMDB,desc,0,2048,10,10000,10206,1,192,12,12,1500,1500,300,300,300,300,3804,3804,204,204,12,12,12,12,11.002,3.658,7.336,5.386,0.000,0.000,0.000,0.072,0.049,0.911,0.000,1.032,1,306,393,327680,323584,319488,327680,323584,319488,1,0,1,72,73,77,4096,1,0,1,72,73,77,4096,4936,8192
baseline_dense_3,baseline_dense,3,8,AELMDBSlice,desc,0,2048,10,10000,10206,1,192,12,12,1500,1500,300,300,300,300,3804,3804,204,204,12,12,12,12,11.868,3.485,8.379,5.534,0.000,0.000,0.000,0.083,0.010,0.161,0.000,0.254,1,306,393,331776,327680,323584,331776,327680,323584,3,4,70,0,3804,78,4096,3,4,70,0,3804,78,4096,4948,7960
baseline_dense_3,baseline_dense,3,8,NoAggWindowSliceAELMDB,desc,0,2048,10,10000,10206,1,192,12,12,1500,1500,300,300,300,300,3804,3804,204,204,12,12,12,12,11.868,3.485,8.379,5.534,0.000,0.000,0.000,0.065,0.003,0.177,0.000,0.245,1,306,393,331776,327680,323584,331776,327680,323584,3,4,70,0,3804,78,4096,3,4,70,0,3804,78,4096,4988,7996
baseline_sparse_3,baseline_sparse,3,8,Vector,desc,0,2048,10,50000,53636,9,384,18,18,3000,3000,600,600,600,600,7602,7602,402,402,18,18,18,18,1.372,0.040,0.243,0.000,0.266,0.151,0.670,1.037,0.001,0.109,0.000,1.147,1,321,810,304088,307200,304088,304088,307200,304088,0,0,0,0,0,0,0,0,0,0,0,0,0,0,4972,8012
baseline_sparse_3,baseline_sparse,3,8,BTreeLMDB,desc,0,2048,10,50000,53636,9,384,18,18,3000,3000,600,600,600,600,7602,7602,402,402,18,18,18,18,15.447,3.773,11.667,7.628,0.000,0.000,0.000,0.082,0.028,0.871,0.000,0.980,1,321,810,638976,634880,630784,638976,634880,630784,2,1,3,145,146,153,4096,2,1,3,145,146,153,4096,4984,8584
baseline_sparse_3,baseline_sparse,3,8,AELMDBSlice,desc,0,2048,10,50000,53636,9,384,18,18,3000,3000,600,600,600,600,7602,7602,402,402,18,18,18,18,17.233,4.583,12.646,7.013,0.000,0.000,0.000,0.081,0.008,0.171,0.000,0.260,1,321,810,622592,618496,614400,622592,618496,614400,3,6,139,0,7602,149,4096,3,6,139,0,7602,149,4096,4956,7876
baseline_sparse_3,baseline_sparse,3,8,NoAggWindowSliceAELMDB,desc,0,2048,10,50000,53636,9,384,18,18,3000,3000,600,600,600,600,7602,7602,402,402,18,18,18,18,17.233,4.583,12.646,7.013,0.000,0.000,0.000,0.075,0.006,0.196,0.000,0.278,1,321,810,622592,618496,614400,622592,618496,614400,3,6,139,0,7602,149,4096,3,6,139,0,7602,149,4096,4952,8036
baseline_dense_4,baseline_dense,4,8,Vector,desc,0,2048,10,10000,10274,1,256,16,16,2000,2000,400,400,400,400,5072,5072,272,272,16,16,16,16,1.060,0.043,0.118,0.000,0.170,0.159,0.568,0.801,0.001,0.102,0.000,0.904,1,306,553,202888,204800,202888,202888,204800,202888,0,0,0,0,0,0,0,0,0,0,0,0,0,0,4952,7792
baseline_dense_4,baseline_dense,4,8,BTreeLMDB,desc,0,2048,10,10000,10274,1,256,16,16,2000,2000,400,400,400,400,5072,5072,272,272,16,16,16,16,12.632,3.706,8.918,6.405,0.000,0.000,0.000,0.073,0.064,1.202,0.000,1.340,1,306,553,430080,425984,421888,430080,425984,421888,1,0,1,97,98,102,4096,1,0,1,97,98,102,4096,4996,8412
baseline_dense_4,baseline_dense,4,8,AELMDBSlice,desc,0,2048,10,10000,10274,1,256,16,16,2000,2000,400,400,400,400,5072,5072,272,272,16,16,16,16,14.749,3.788,10.957,7.187,0.000,0.000,0.000,0.113,0.012,0.204,0.000,0.328,1,306,553,425984,421888,417792,425984,421888,417792,3,4,93,0,5072,101,4096,3,4,93,0,5072,101,4096,4948,7896
baseline_dense_4,baseline_dense,4,8,NoAggWindowSliceAELMDB,desc,0,2048,10,10000,10274,1,256,16,16,2000,2000,400,400,400,400,5072,5072,272,272,16,16,16,16,14.749,3.788,10.957,7.187,0.000,0.000,0.000,0.076,0.007,0.191,0.000,0.274,1,306,553,425984,421888,417792,425984,421888,417792,3,4,93,0,5072,101,4096,3,4,93,0,5072,101,4096,4996,8048
baseline_sparse_4,baseline_sparse,4,8,Vector,desc,0,2048,10,50000,56456,12,512,24,24,4000,4000,800,800,800,800,10136,10136,536,536,24,24,24,24,1.973,0.045,0.473,0.000,0.381,0.187,0.883,1.632,0.001,0.133,0.000,1.766,2,1143,1132,405448,405504,405448,405448,405504,405448,0,0,0,0,0,0,0,0,0,0,0,0,0,0,5000,8168
baseline_sparse_4,baseline_sparse,4,8,BTreeLMDB,desc,0,2048,10,50000,56456,12,512,24,24,4000,4000,800,800,800,800,10136,10136,536,536,24,24,24,24,19.946,5.380,14.558,8.902,0.000,0.000,0.000,0.081,0.037,1.087,0.000,1.204,2,1143,1132,831488,827392,823296,831488,827392,823296,2,1,3,192,193,200,4096,2,1,3,192,193,200,4096,4972,8816
baseline_sparse_4,baseline_sparse,4,8,AELMDBSlice,desc,0,2048,10,50000,56456,12,512,24,24,4000,4000,800,800,800,800,10136,10136,536,536,24,24,24,24,26.307,4.713,21.587,8.813,0.000,0.000,0.000,0.072,0.010,0.290,0.000,0.372,2,1143,1132,815104,811008,806912,815104,811008,806912,3,7,185,0,10136,196,4096,3,7,185,0,10136,196,4096,4964,7864
baseline_sparse_4,baseline_sparse,4,8,NoAggWindowSliceAELMDB,desc,0,2048,10,50000,56456,12,512,24,24,4000,4000,800,800,800,800,10136,10136,536,536,24,24,24,24,26.307,4.713,21.587,8.813,0.000,0.000,0.000,0.064,0.004,0.344,0.000,0.412,2,1143,1132,815104,811008,806912,815104,811008,806912,3,7,185,0,10136,196,4096,3,7,185,0,10136,196,4096,4944,7996
baseline_dense_5,baseline_dense,5,8,Vector,desc,0,2048,10,10000,10342,1,320,20,20,2500,2500,500,500,500,500,6340,6340,340,340,20,20,20,20,2.008,0.067,0.216,0.000,0.351,0.270,1.101,0.907,0.001,0.107,0.000,1.015,1,306,681,253608,253952,253608,253608,253952,253608,0,0,0,0,0,0,0,0,0,0,0,0,0,0,4940,7876
baseline_dense_5,baseline_dense,5,8,BTreeLMDB,desc,0,2048,10,10000,10342,1,320,20,20,2500,2500,500,500,500,500,6340,6340,340,340,20,20,20,20,16.607,4.218,12.374,7.285,0.000,0.000,0.000,0.078,0.083,1.562,0.000,1.723,1,306,681,532480,528384,524288,532480,528384,524288,2,1,2,120,121,127,4096,2,1,2,120,121,127,4096,4992,8616
baseline_dense_5,baseline_dense,5,8,AELMDBSlice,desc,0,2048,10,10000,10342,1,320,20,20,2500,2500,500,500,500,500,6340,6340,340,340,20,20,20,20,17.041,3.742,13.294,6.302,0.000,0.000,0.000,0.081,0.008,0.171,0.000,0.260,1,306,681,524288,520192,516096,524288,520192,516096,3,5,116,0,6340,125,4096,3,5,116,0,6340,125,4096,4924,7936
baseline_dense_5,baseline_dense,5,8,NoAggWindowSliceAELMDB,desc,0,2048,10,10000,10342,1,320,20,20,2500,2500,500,500,500,500,6340,6340,340,340,20,20,20,20,17.041,3.742,13.294,6.302,0.000,0.000,0.000,0.070,0.003,0.192,0.000,0.265,1,306,681,524288,520192,516096,524288,520192,516096,3,5,116,0,6340,125,4096,3,5,116,0,6340,125,4096,4908,8064
baseline_sparse_5,baseline_sparse,5,8,Vector,desc,0,2048,10,50000,60080,15,640,30,30,5000,5000,1000,1000,1000,1000,12670,12670,670,670,30,30,30,30,4.136,0.078,0.829,0.000,0.774,0.318,2.135,1.874,0.001,0.137,0.000,2.012,2,1403,1392,506808,507904,506808,506808,507904,506808,0,0,0,0,0,0,0,0,0,0,0,0,0,0,4924,8364
baseline_sparse_5,baseline_sparse,5,8,BTreeLMDB,desc,0,2048,10,50000,60080,15,640,30,30,5000,5000,1000,1000,1000,1000,12670,12670,670,670,30,30,30,30,22.337,4.129,18.195,10.976,0.000,0.000,0.000,0.136,0.058,1.350,0.000,1.544,2,1403,1392,1024000,1019904,1015808,1024000,1019904,1015808,2,1,3,239,240,247,4096,2,1,3,239,240,247,4096,4968,9084
baseline_sparse_5,baseline_sparse,5,8,AELMDBSlice,desc,0,2048,10,50000,60080,15,640,30,30,5000,5000,1000,1000,1000,1000,12670,12670,670,670,30,30,30,30,29.253,4.609,24.639,10.082,0.000,0.000,0.000,0.070,0.011,0.276,0.000,0.357,2,1403,1392,1011712,1007616,1003520,1011712,1007616,1003520,3,9,231,0,12670,244,4096,3,9,231,0,12670,244,4096,5020,7916
baseline_sparse_5,baseline_sparse,5,8,NoAggWindowSliceAELMDB,desc,0,2048,10,50000,60080,15,640,30,30,5000,5000,1000,1000,1000,1000,12670,12670,670,670,30,30,30,30,29.253,4.609,24.639,10.082,0.000,0.000,0.000,0.079,0.007,0.330,0.000,0.416,2,1403,1392,1011712,1007616,1003520,1011712,1007616,1003520,3,9,231,0,12670,244,4096,3,9,231,0,12670,244,4096,5004,8036
baseline_dense_6,baseline_dense,6,8,Vector,desc,0,2048,10,10000,10410,1,384,24,24,3000,3000,600,600,600,600,7608,7608,408,408,24,24,24,24,1.879,0.055,0.201,0.000,0.357,0.212,1.052,1.025,0.001,0.108,0.000,1.133,1,306,809,304328,307200,304328,304328,307200,304328,0,0,0,0,0,0,0,0,0,0,0,0,0,0,4968,8012
baseline_dense_6,baseline_dense,6,8,BTreeLMDB,desc,0,2048,10,10000,10410,1,384,24,24,3000,3000,600,600,600,600,7608,7608,408,408,24,24,24,24,18.437,4.045,14.381,8.181,0.000,0.000,0.000,0.081,0.029,0.868,0.000,0.979,1,306,809,638976,634880,630784,638976,634880,630784,2,1,3,145,146,153,4096,2,1,3,145,146,153,4096,4968,8592
baseline_dense_6,baseline_dense,6,8,AELMDBSlice,desc,0,2048,10,10000,10410,1,384,24,24,3000,3000,600,600,600,600,7608,7608,408,408,24,24,24,24,19.940,4.234,15.701,7.137,0.000,0.000,0.000,0.072,0.007,0.173,0.000,0.252,1,306,809,622592,618496,614400,622592,618496,614400,3,6,139,0,7608,149,4096,3,6,139,0,7608,149,4096,5000,7924
baseline_dense_6,baseline_dense,6,8,NoAggWindowSliceAELMDB,desc,0,2048,10,10000,10410,1,384,24,24,3000,3000,600,600,600,600,7608,7608,408,408,24,24,24,24,19.940,4.234,15.701,7.137,0.000,0.000,0.000,0.063,0.003,0.194,0.000,0.260,1,306,809,622592,618496,614400,622592,618496,614400,3,6,139,0,7608,149,4096,3,6,139,0,7608,149,4096,4936,8004
baseline_sparse_6,baseline_sparse,6,8,Vector,desc,0,2048,10,50000,64508,18,768,36,36,6000,6000,1200,1200,1200,1200,15204,15204,804,804,36,36,36,36,4.402,0.068,0.501,0.000,0.942,0.335,2.553,2.082,0.001,0.139,0.000,2.222,2,1527,1516,608168,610304,608168,608168,610304,608168,0,0,0,0,0,0,0,0,0,0,0,0,0,0,4916,8560
baseline_sparse_6,baseline_sparse,6,8,BTreeLMDB,desc,0,2048,10,50000,64508,18,768,36,36,6000,6000,1200,1200,1200,1200,15204,15204,804,804,36,36,36,36,33.579,5.833,27.731,11.988,0.000,0.000,0.000,0.083,0.038,2.223,0.001,2.343,2,1527,1516,1228800,1224704,1220608,1228800,1224704,1220608,2,1,4,288,289,297,4096,2,1,4,288,289,297,4096,4980,8840
baseline_sparse_6,baseline_sparse,6,8,AELMDBSlice,desc,0,2048,10,50000,64508,18,768,36,36,6000,6000,1200,1200,1200,1200,15204,15204,804,804,36,36,36,36,35.034,4.579,30.448,10.228,0.000,0.000,0.000,0.072,0.011,0.319,0.000,0.403,2,1527,1516,1208320,1204224,1200128,1208320,1204224,1200128,3,11,277,0,15204,292,4096,3,11,277,0,15204,292,4096,4948,8040
baseline_sparse_6,baseline_sparse,6,8,NoAggWindowSliceAELMDB,desc,0,2048,10,50000,64508,18,768,36,36,6000,6000,1200,1200,1200,1200,15204,15204,804,804,36,36,36,36,35.034,4.579,30.448,10.228,0.000,0.000,0.000,0.068,0.007,0.355,0.001,0.429,2,1527,1516,1208320,1204224,1200128,1208320,1204224,1200128,3,11,277,0,15204,292,4096,3,11,277,0,15204,292,4096,4960,8172
baseline_dense_7,baseline_dense,7,8,Vector,desc,0,2048,10,10000,10478,1,448,28,28,3500,3500,700,700,700,700,8876,8876,476,476,28,28,28,28,2.733,0.069,0.345,0.000,0.507,0.277,1.532,1.484,0.001,0.109,0.000,1.594,1,306,937,355048,356352,355048,355048,356352,355048,0,0,0,0,0,0,0,0,0,0,0,0,0,0,4964,8108
baseline_dense_7,baseline_dense,7,8,BTreeLMDB,desc,0,2048,10,10000,10478,1,448,28,28,3500,3500,700,700,700,700,8876,8876,476,476,28,28,28,28,22.877,4.255,18.607,9.246,0.000,0.000,0.000,0.079,0.030,0.774,0.000,0.883,1,306,937,733184,729088,724992,733184,729088,724992,2,1,3,168,169,176,4096,2,1,3,168,169,176,4096,4988,8640
baseline_dense_7,baseline_dense,7,8,AELMDBSlice,desc,0,2048,10,10000,10478,1,448,28,28,3500,3500,700,700,700,700,8876,8876,476,476,28,28,28,28,25.104,4.110,20.988,8.251,0.000,0.000,0.000,0.074,0.009,0.172,0.000,0.255,1,306,937,716800,712704,708608,716800,712704,708608,3,6,162,0,8876,172,4096,3,6,162,0,8876,172,4096,4976,7980
baseline_dense_7,baseline_dense,7,8,NoAggWindowSliceAELMDB,desc,0,2048,10,10000,10478,1,448,28,28,3500,3500,700,700,700,700,8876,8876,476,476,28,28,28,28,25.104,4.110,20.988,8.251,0.000,0.000,0.000,0.064,0.004,0.192,0.000,0.260,1,306,937,716800,712704,708608,716800,712704,708608,3,6,162,0,8876,172,4096,3,6,162,0,8876,172,4096,4952,8048
baseline_sparse_7,baseline_sparse,7,8,Vector,desc,0,2048,10,50000,69740,21,896,42,42,7000,7000,1400,1400,1400,1400,17738,17738,938,938,42,42,42,42,5.231,0.074,0.732,0.000,1.100,0.347,2.975,3.118,0.001,0.146,0.001,3.264,2,1719,1708,709528,712704,709528,709528,712704,709528,0,0,0,0,0,0,0,0,0,0,0,0,0,0,5020,8804
baseline_sparse_7,baseline_sparse,7,8,BTreeLMDB,desc,0,2048,10,50000,69740,21,896,42,42,7000,7000,1400,1400,1400,1400,17738,17738,938,938,42,42,42,42,35.303,4.261,31.028,12.771,0.000,0.000,0.000,0.083,0.046,1.187,0.001,1.315,2,1719,1708,1421312,1417216,1413120,1421312,1417216,1413120,2,1,4,335,336,344,4096,2,1,4,335,336,344,4096,5000,9096
baseline_sparse_7,baseline_sparse,7,8,AELMDBSlice,desc,0,2048,10,50000,69740,21,896,42,42,7000,7000,1400,1400,1400,1400,17738,17738,938,938,42,42,42,42,36.438,4.183,32.248,11.403,0.000,0.000,0.000,0.127,0.020,0.410,0.001,0.556,2,1719,1708,1396736,1392640,1388544,1396736,1392640,1388544,3,12,322,0,17738,338,4096,3,12,322,0,17738,338,4096,4996,8028
baseline_sparse_7,baseline_sparse,7,8,NoAggWindowSliceAELMDB,desc,0,2048,10,50000,69740,21,896,42,42,7000,7000,1400,1400,1400,1400,17738,17738,938,938,42,42,42,42,36.438,4.183,32.248,11.403,0.000,0.000,0.000,0.063,0.008,0.342,0.001,0.413,2,1719,1708,1396736,1392640,1388544,1396736,1392640,1388544,3,12,322,0,17738,338,4096,3,12,322,0,17738,338,4096,5016,8160
baseline_dense_8,baseline_dense,8,8,Vector,desc,0,2048,10,10000,10546,1,512,32,32,4000,4000,800,800,800,800,10144,10144,544,544,32,32,32,32,2.493,0.044,0.279,0.000,0.484,0.264,1.420,1.653,0.001,0.142,0.000,1.796,2,1463,1466,405768,409600,405768,405768,409600,405768,0,0,0,0,0,0,0,0,0,0,0,0,0,0,4976,8156
baseline_dense_8,baseline_dense,8,8,BTreeLMDB,desc,0,2048,10,10000,10546,1,512,32,32,4000,4000,800,800,800,800,10144,10144,544,544,32,32,32,32,24.062,3.883,20.168,11.368,0.000,0.000,0.000,0.087,0.057,1.115,0.000,1.259,2,1463,1466,831488,827392,823296,831488,827392,823296,2,1,3,192,193,200,4096,2,1,3,192,193,200,4096,4976,8824
baseline_dense_8,baseline_dense,8,8,AELMDBSlice,desc,0,2048,10,10000,10546,1,512,32,32,4000,4000,800,800,800,800,10144,10144,544,544,32,32,32,32,26.940,4.212,22.722,9.006,0.000,0.000,0.000,0.074,0.013,0.306,0.000,0.393,2,1463,1466,815104,811008,806912,815104,811008,806912,3,7,185,0,10144,196,4096,3,7,185,0,10144,196,4096,4964,7912
baseline_dense_8,baseline_dense,8,8,NoAggWindowSliceAELMDB,desc,0,2048,10,10000,10546,1,512,32,32,4000,4000,800,800,800,800,10144,10144,544,544,32,32,32,32,26.940,4.212,22.722,9.006,0.000,0.000,0.000,0.077,0.007,0.359,0.000,0.443,2,1463,1466,815104,811008,806912,815104,811008,806912,3,7,185,0,10144,196,4096,3,7,185,0,10144,196,4096,5016,8044
baseline_sparse_8,baseline_sparse,8,8,Vector,desc,0,2048,10,50000,75776,24,1024,48,48,8000,8000,1600,1600,1600,1600,20272,20272,1072,1072,48,48,48,48,5.898,0.067,0.775,0.000,1.302,0.351,3.400,3.357,0.001,0.146,0.001,3.504,2,1911,1900,810888,811008,810888,810888,811008,810888,0,0,0,0,0,0,0,0,0,0,0,0,0,0,4956,8992
baseline_sparse_8,baseline_sparse,8,8,BTreeLMDB,desc,0,2048,10,50000,75776,24,1024,48,48,8000,8000,1600,1600,1600,1600,20272,20272,1072,1072,48,48,48,48,38.644,4.150,34.480,14.507,0.000,0.000,0.000,0.086,0.052,1.773,0.001,1.911,2,1911,1900,1622016,1617920,1613824,1622016,1617920,1613824,2,1,5,383,384,393,4096,2,1,5,383,384,393,4096,4964,9368
baseline_sparse_8,baseline_sparse,8,8,AELMDBSlice,desc,0,2048,10,50000,75776,24,1024,48,48,8000,8000,1600,1600,1600,1600,20272,20272,1072,1072,48,48,48,48,39.387,4.062,35.319,12.080,0.000,0.000,0.000,0.074,0.014,0.305,0.001,0.393,2,1911,1900,1597440,1593344,1589248,1597440,1593344,1589248,3,14,369,0,20272,387,4096,3,14,369,0,20272,387,4096,4940,8024
baseline_sparse_8,baseline_sparse,8,8,NoAggWindowSliceAELMDB,desc,0,2048,10,50000,75776,24,1024,48,48,8000,8000,1600,1600,1600,1600,20272,20272,1072,1072,48,48,48,48,39.387,4.062,35.319,12.080,0.000,0.000,0.000,0.062,0.008,0.357,0.001,0.427,2,1911,1900,1597440,1593344,1589248,1597440,1593344,1589248,3,14,369,0,20272,387,4096,3,14,369,0,20272,387,4096,4928,8116
scale_dense_1,scale_dense,1,8,Vector,desc,0,2048,10,210000,210266,1,256,8,8,2000,2000,400,400,400,400,5064,5064,264,264,8,8,8,8,1.346,0.049,0.154,0.000,0.214,0.203,0.723,0.813,0.001,0.103,0.000,0.916,1,307,522,202568,204800,202568,202568,204800,202568,0,0,0,0,0,0,0,0,0,0,0,0,0,0,4928,7768
scale_dense_1,scale_dense,1,8,BTreeLMDB,desc,0,2048,10,210000,210266,1,256,8,8,2000,2000,400,400,400,400,5064,5064,264,264,8,8,8,8,14.207,4.170,10.027,6.238,0.000,0.000,0.000,0.079,0.069,1.189,0.000,1.337,1,307,522,430080,425984,421888,430080,425984,421888,1,0,1,97,98,102,4096,1,0,1,97,98,102,4096,4992,8416
scale_dense_1,scale_dense,1,8,AELMDBSlice,desc,0,2048,10,210000,210266,1,256,8,8,2000,2000,400,400,400,400,5064,5064,264,264,8,8,8,8,15.695,4.074,11.617,6.105,0.000,0.000,0.000,0.076,0.009,0.160,0.000,0.245,1,307,522,425984,421888,417792,425984,421888,417792,3,4,93,0,5064,101,4096,3,4,93,0,5064,101,4096,5004,7908
scale_dense_1,scale_dense,1,8,NoAggWindowSliceAELMDB,desc,0,2048,10,210000,210266,1,256,8,8,2000,2000,400,400,400,400,5064,5064,264,264,8,8,8,8,15.695,4.074,11.617,6.105,0.000,0.000,0.000,0.063,0.003,0.182,0.000,0.248,1,307,522,425984,421888,417792,425984,421888,417792,3,4,93,0,5064,101,4096,3,4,93,0,5064,101,4096,4960,8000
scale_sparse_1,scale_sparse,1,8,Vector,desc,0,2048,10,510000,511060,2,512,16,16,3000,3000,600,600,600,600,7728,7728,528,528,16,16,16,16,2.006,0.054,0.199,0.000,0.382,0.251,1.118,1.060,0.001,0.126,0.000,1.187,2,857,860,309128,311296,309128,309128,311296,309128,0,0,0,0,0,0,0,0,0,0,0,0,0,0,4948,7932
scale_sparse_1,scale_sparse,1,8,BTreeLMDB,desc,0,2048,10,510000,511060,2,512,16,16,3000,3000,600,600,600,600,7728,7728,528,528,16,16,16,16,18.406,3.848,14.547,8.335,0.000,0.000,0.000,0.087,0.028,0.974,0.000,1.089,2,857,860,643072,638976,634880,643072,638976,634880,2,1,3,146,147,154,4096,2,1,3,146,147,154,4096,4936,8544
scale_sparse_1,scale_sparse,1,8,AELMDBSlice,desc,0,2048,10,510000,511060,2,512,16,16,3000,3000,600,600,600,600,7728,7728,528,528,16,16,16,16,21.471,5.432,16.033,7.394,0.000,0.000,0.000,0.073,0.009,0.261,0.000,0.343,2,857,860,626688,622592,618496,626688,622592,618496,3,6,140,0,7728,150,4096,3,6,140,0,7728,150,4096,4996,7924
scale_sparse_1,scale_sparse,1,8,NoAggWindowSliceAELMDB,desc,0,2048,10,510000,511060,2,512,16,16,3000,3000,600,600,600,600,7728,7728,528,528,16,16,16,16,21.471,5.432,16.033,7.394,0.000,0.000,0.000,0.065,0.004,0.590,0.000,0.659,2,857,860,626688,622592,618496,626688,622592,618496,3,6,140,0,7728,150,4096,3,6,140,0,7728,150,4096,4976,8060
scale_dense_2,scale_dense,2,8,Vector,desc,0,2048,10,220000,221042,1,1024,16,16,4000,4000,800,800,800,800,10640,10640,1040,1040,16,16,16,16,2.751,0.055,0.306,0.000,0.660,0.253,1.475,1.710,0.001,0.130,0.000,1.841,2,841,844,425608,425984,425608,425608,425984,425608,0,0,0,0,0,0,0,0,0,0,0,0,0,0,5012,8220
scale_dense_2,scale_dense,2,8,BTreeLMDB,desc,0,2048,10,220000,221042,1,1024,16,16,4000,4000,800,800,800,800,10640,10640,1040,1040,16,16,16,16,25.987,6.151,19.825,11.008,0.000,0.000,0.000,0.087,0.033,0.959,0.000,1.078,2,841,844,856064,851968,847872,856064,851968,847872,2,1,3,198,199,206,4096,2,1,3,198,199,206,4096,5020,8880
scale_dense_2,scale_dense,2,8,AELMDBSlice,desc,0,2048,10,220000,221042,1,1024,16,16,4000,4000,800,800,800,800,10640,10640,1040,1040,16,16,16,16,28.030,4.197,23.826,9.214,0.000,0.000,0.000,0.076,0.017,0.264,0.000,0.357,2,841,844,839680,835584,831488,839680,835584,831488,3,7,191,0,10640,202,4096,3,7,191,0,10640,202,4096,4988,8216
scale_dense_2,scale_dense,2,8,NoAggWindowSliceAELMDB,desc,0,2048,10,220000,221042,1,1024,16,16,4000,4000,800,800,800,800,10640,10640,1040,1040,16,16,16,16,28.030,4.197,23.826,9.214,0.000,0.000,0.000,0.121,0.015,0.309,0.000,0.445,2,841,844,839680,835584,831488,839680,835584,831488,3,7,191,0,10640,202,4096,3,7,191,0,10640,202,4096,5000,8352
scale_sparse_2,scale_sparse,2,8,Vector,desc,0,2048,10,520000,524232,4,1024,32,32,6000,6000,1200,1200,1200,1200,15456,15456,1056,1056,32,32,32,32,4.574,0.068,0.516,0.000,1.046,0.323,2.618,2.109,0.001,0.134,0.000,2.244,2,1383,1372,618248,618496,618248,618248,618496,618248,0,0,0,0,0,0,0,0,0,0,0,0,0,0,4948,8596
scale_sparse_2,scale_sparse,2,8,BTreeLMDB,desc,0,2048,10,520000,524232,4,1024,32,32,6000,6000,1200,1200,1200,1200,15456,15456,1056,1056,32,32,32,32,31.922,4.219,27.689,11.792,0.000,0.000,0.000,0.080,0.038,1.794,0.000,1.912,2,1383,1372,1241088,1236992,1232896,1241088,1236992,1232896,2,1,4,291,292,300,4096,2,1,4,291,292,300,4096,5012,8864
scale_sparse_2,scale_sparse,2,8,AELMDBSlice,desc,0,2048,10,520000,524232,4,1024,32,32,6000,6000,1200,1200,1200,1200,15456,15456,1056,1056,32,32,32,32,25.957,4.220,21.731,9.881,0.000,0.000,0.000,0.074,0.012,0.282,0.000,0.368,2,1383,1372,1220608,1216512,1212416,1220608,1216512,1212416,3,11,280,0,15456,295,4096,3,11,280,0,15456,295,4096,4976,8068
scale_sparse_2,scale_sparse,2,8,NoAggWindowSliceAELMDB,desc,0,2048,10,520000,524232,4,1024,32,32,6000,6000,1200,1200,1200,1200,15456,15456,1056,1056,32,32,32,32,25.957,4.220,21.731,9.881,0.000,0.000,0.000,0.062,0.007,0.334,0.000,0.403,2,1383,1372,1220608,1216512,1212416,1220608,1216512,1212416,3,11,280,0,15456,295,4096,3,11,280,0,15456,295,4096,4904,8136
scale_dense_3,scale_dense,3,8,Vector,desc,0,2048,10,230000,232330,1,2304,24,24,6000,6000,1200,1200,1200,1200,16728,16728,2328,2328,24,24,24,24,4.473,0.056,0.538,0.000,1.347,0.276,2.253,3.001,0.001,0.145,0.000,3.146,2,1203,1192,669128,671744,669128,669128,671744,669128,0,0,0,0,0,0,0,0,0,0,0,0,0,0,5012,8700
scale_dense_3,scale_dense,3,8,BTreeLMDB,desc,0,2048,10,230000,232330,1,2304,24,24,6000,6000,1200,1200,1200,1200,16728,16728,2328,2328,24,24,24,24,30.501,3.917,26.573,12.087,0.000,0.000,0.000,0.087,0.031,1.747,0.000,1.865,2,1203,1192,1310720,1306624,1302528,1310720,1306624,1302528,2,1,4,308,309,317,4096,2,1,4,308,309,317,4096,4964,9000
scale_dense_3,scale_dense,3,8,AELMDBSlice,desc,0,2048,10,230000,232330,1,2304,24,24,6000,6000,1200,1200,1200,1200,16728,16728,2328,2328,24,24,24,24,33.462,4.126,29.331,10.549,0.000,0.000,0.000,0.083,0.018,0.276,0.000,0.377,2,1203,1192,1286144,1282048,1277952,1286144,1282048,1277952,3,11,296,0,16728,311,4096,3,11,296,0,16728,311,4096,4964,8324
scale_dense_3,scale_dense,3,8,NoAggWindowSliceAELMDB,desc,0,2048,10,230000,232330,1,2304,24,24,6000,6000,1200,1200,1200,1200,16728,16728,2328,2328,24,24,24,24,33.462,4.126,29.331,10.549,0.000,0.000,0.000,0.061,0.011,0.329,0.000,0.400,2,1203,1192,1286144,1282048,1277952,1286144,1282048,1277952,3,11,296,0,16728,311,4096,3,11,296,0,16728,311,4096,5020,8452
scale_sparse_3,scale_sparse,3,8,Vector,desc,0,2048,10,530000,539516,6,1536,48,48,9000,9000,1800,1800,1800,1800,23184,23184,1584,1584,48,48,48,48,5.576,0.059,0.809,0.000,1.316,0.301,3.089,3.515,0.001,0.149,0.001,3.664,2,1895,1884,927368,929792,927368,927368,929792,927368,0,0,0,0,0,0,0,0,0,0,0,0,0,0,4980,9180
scale_sparse_3,scale_sparse,3,8,BTreeLMDB,desc,0,2048,10,530000,539516,6,1536,48,48,9000,9000,1800,1800,1800,1800,23184,23184,1584,1584,48,48,48,48,37.646,4.148,33.487,15.226,0.000,0.000,0.000,0.085,0.053,1.468,0.001,1.607,2,1895,1884,1835008,1830912,1826816,1835008,1830912,1826816,2,1,5,435,436,445,4096,2,1,5,435,436,445,4096,4944,9620
scale_sparse_3,scale_sparse,3,8,AELMDBSlice,desc,0,2048,10,530000,539516,6,1536,48,48,9000,9000,1800,1800,1800,1800,23184,23184,1584,1584,48,48,48,48,35.150,3.799,31.348,13.107,0.000,0.000,0.000,0.078,0.013,0.299,0.001,0.390,2,1895,1884,1810432,1806336,1802240,1810432,1806336,1802240,3,16,419,0,23184,439,4096,3,16,419,0,23184,439,4096,4964,8076
scale_sparse_3,scale_sparse,3,8,NoAggWindowSliceAELMDB,desc,0,2048,10,530000,539516,6,1536,48,48,9000,9000,1800,1800,1800,1800,23184,23184,1584,1584,48,48,48,48,35.150,3.799,31.348,13.107,0.000,0.000,0.000,0.067,0.007,0.345,0.001,0.419,2,1895,1884,1810432,1806336,1802240,1810432,1806336,1802240,3,16,419,0,23184,439,4096,3,16,419,0,23184,439,4096,4996,8204
scale_dense_4,scale_dense,4,8,Vector,desc,0,2048,10,240000,244130,1,4096,32,32,8000,8000,1600,1600,1600,1600,23328,23328,4128,4128,32,32,32,32,4.917,0.047,0.597,0.000,1.966,0.219,2.086,3.692,0.001,0.155,0.000,3.847,2,1359,1348,933128,933888,933128,933128,933888,933128,0,0,0,0,0,0,0,0,0,0,0,0,0,0,4984,9192
scale_dense_4,scale_dense,4,8,BTreeLMDB,desc,0,2048,10,240000,244130,1,4096,32,32,8000,8000,1600,1600,1600,1600,23328,23328,4128,4128,32,32,32,32,32.108,4.171,27.930,14.279,0.000,0.000,0.000,0.079,0.059,1.550,0.000,1.688,2,1359,1348,1781760,1777664,1773568,1781760,1777664,1773568,2,1,5,422,423,432,4096,2,1,5,422,423,432,4096,4948,9744
scale_dense_4,scale_dense,4,8,AELMDBSlice,desc,0,2048,10,240000,244130,1,4096,32,32,8000,8000,1600,1600,1600,1600,23328,23328,4128,4128,32,32,32,32,34.995,4.239,30.751,12.764,0.000,0.000,0.000,0.131,0.019,0.297,0.000,0.446,2,1359,1348,1761280,1757184,1753088,1761280,1757184,1753088,3,16,407,0,23328,427,4096,3,16,407,0,23328,427,4096,5004,8352
scale_dense_4,scale_dense,4,8,NoAggWindowSliceAELMDB,desc,0,2048,10,240000,244130,1,4096,32,32,8000,8000,1600,1600,1600,1600,23328,23328,4128,4128,32,32,32,32,34.995,4.239,30.751,12.764,0.000,0.000,0.000,0.063,0.007,0.302,0.000,0.372,2,1359,1348,1761280,1757184,1753088,1761280,1757184,1753088,3,16,407,0,23328,427,4096,3,16,407,0,23328,427,4096,4992,8460
scale_sparse_4,scale_sparse,4,8,Vector,desc,0,2048,10,540000,556912,8,2048,64,64,12000,12000,2400,2400,2400,2400,30912,30912,2112,2112,64,64,64,64,4.999,0.046,0.833,0.000,1.184,0.203,2.731,4.749,0.001,0.156,0.001,4.906,2,2407,2396,1236488,1236992,1236488,1236488,1236992,1236488,0,0,0,0,0,0,0,0,0,0,0,0,0,0,4988,9796
scale_sparse_4,scale_sparse,4,8,BTreeLMDB,desc,0,2048,10,540000,556912,8,2048,64,64,12000,12000,2400,2400,2400,2400,30912,30912,2112,2112,64,64,64,64,41.482,3.717,37.757,19.121,0.000,0.000,0.000,0.081,0.066,1.884,0.001,2.030,2,2407,2396,2433024,2428928,2424832,2433024,2428928,2424832,2,1,6,580,581,591,4096,2,1,6,580,581,591,4096,4964,9744
scale_sparse_4,scale_sparse,4,8,AELMDBSlice,desc,0,2048,10,540000,556912,8,2048,64,64,12000,12000,2400,2400,2400,2400,30912,30912,2112,2112,64,64,64,64,44.473,3.831,40.639,16.271,0.000,0.000,0.000,0.137,0.037,0.340,0.001,0.514,2,2407,2396,2404352,2400256,2396160,2404352,2400256,2396160,3,21,559,0,30912,584,4096,3,21,559,0,30912,584,4096,4948,8328
scale_sparse_4,scale_sparse,4,8,NoAggWindowSliceAELMDB,desc,0,2048,10,540000,556912,8,2048,64,64,12000,12000,2400,2400,2400,2400,30912,30912,2112,2112,64,64,64,64,44.473,3.831,40.639,16.271,0.000,0.000,0.000,0.086,0.019,0.395,0.001,0.500,2,2407,2396,2404352,2400256,2396160,2404352,2400256,2396160,3,21,559,0,30912,584,4096,3,21,559,0,30912,584,4096,4976,8456
scale_dense_5,scale_dense,5,8,Vector,desc,0,2048,10,250000,256442,1,6400,40,40,10000,10000,2000,2000,2000,2000,30440,30440,6440,6440,40,40,40,40,7.368,0.048,1.507,0.000,2.849,0.237,2.727,4.227,0.001,0.174,0.001,4.402,2,1935,1924,1217608,1220608,1217608,1217608,1220608,1217608,0,0,0,0,0,0,0,0,0,0,0,0,0,0,4952,9724
scale_dense_5,scale_dense,5,8,BTreeLMDB,desc,0,2048,10,250000,256442,1,6400,40,40,10000,10000,2000,2000,2000,2000,30440,30440,6440,6440,40,40,40,40,39.264,4.231,35.026,17.276,0.000,0.000,0.000,0.087,0.071,1.730,0.001,1.887,2,1935,1924,2281472,2277376,2273280,2281472,2277376,2273280,2,1,6,543,544,554,4096,2,1,6,543,544,554,4096,4972,10520
scale_dense_5,scale_dense,5,8,AELMDBSlice,desc,0,2048,10,250000,256442,1,6400,40,40,10000,10000,2000,2000,2000,2000,30440,30440,6440,6440,40,40,40,40,43.580,4.057,39.520,16.008,0.000,0.000,0.000,0.077,0.018,0.282,0.001,0.377,2,1935,1924,2256896,2252800,2248704,2256896,2252800,2248704,3,20,524,0,30440,548,4096,3,20,524,0,30440,548,4096,5024,8568
scale_dense_5,scale_dense,5,8,NoAggWindowSliceAELMDB,desc,0,2048,10,250000,256442,1,6400,40,40,10000,10000,2000,2000,2000,2000,30440,30440,6440,6440,40,40,40,40,43.580,4.057,39.520,16.008,0.000,0.000,0.000,0.065,0.010,0.337,0.001,0.412,2,1935,1924,2256896,2252800,2248704,2256896,2252800,2248704,3,20,524,0,30440,548,4096,3,20,524,0,30440,548,4096,4932,8644
scale_sparse_5,scale_sparse,5,8,Vector,desc,0,2048,10,550000,576420,10,2560,80,80,15000,15000,3000,3000,3000,3000,38640,38640,2640,2640,80,80,80,80,7.622,0.058,2.493,0.000,1.454,0.225,3.390,6.303,0.001,0.165,0.001,6.469,2,2919,2908,1545608,1548288,1545608,1545608,1548288,1545608,0,0,0,0,0,0,0,0,0,0,0,0,0,0,4964,10452
scale_sparse_5,scale_sparse,5,8,BTreeLMDB,desc,0,2048,10,550000,576420,10,2560,80,80,15000,15000,3000,3000,3000,3000,38640,38640,2640,2640,80,80,80,80,48.759,4.003,44.747,21.199,0.000,0.000,0.000,0.088,0.076,1.834,0.001,1.998,2,2919,2908,3031040,3026944,3022848,3031040,3026944,3022848,2,1,8,724,725,737,4096,2,1,8,724,725,737,4096,4960,10808
scale_sparse_5,scale_sparse,5,8,AELMDBSlice,desc,0,2048,10,550000,576420,10,2560,80,80,15000,15000,3000,3000,3000,3000,38640,38640,2640,2640,80,80,80,80,53.862,4.143,49.716,18.975,0.000,0.000,0.000,0.075,0.021,0.316,0.001,0.412,2,2919,2908,2990080,2985984,2981888,2990080,2985984,2981888,3,26,697,0,38640,727,4096,3,26,697,0,38640,727,4096,4924,8364
scale_sparse_5,scale_sparse,5,8,NoAggWindowSliceAELMDB,desc,0,2048,10,550000,576420,10,2560,80,80,15000,15000,3000,3000,3000,3000,38640,38640,2640,2640,80,80,80,80,53.862,4.143,49.716,18.975,0.000,0.000,0.000,0.064,0.015,0.374,0.001,0.453,2,2919,2908,2990080,2985984,2981888,2990080,2985984,2981888,3,26,697,0,38640,727,4096,3,26,697,0,38640,727,4096,4956,8572
scale_dense_6,scale_dense,6,8,Vector,desc,0,2048,10,260000,269266,1,9216,48,48,12000,12000,2400,2400,2400,2400,38064,38064,9264,9264,48,48,48,48,9.836,0.043,2.456,0.000,3.666,0.285,3.385,6.393,0.001,0.260,0.001,6.654,2,935,1940,1522568,1523712,1522568,1522568,1523712,1522568,0,0,0,0,0,0,0,0,0,0,0,0,0,0,4968,10392
scale_dense_6,scale_dense,6,8,BTreeLMDB,desc,0,2048,10,260000,269266,1,9216,48,48,12000,12000,2400,2400,2400,2400,38064,38064,9264,9264,48,48,48,48,46.968,3.975,42.984,20.437,0.000,0.000,0.000,0.098,0.098,4.336,0.001,4.532,2,935,1940,2805760,2801664,2797568,2805760,2801664,2797568,2,1,7,670,671,682,4096,2,1,7,670,671,682,4096,4928,10996
scale_dense_6,scale_dense,6,8,AELMDBSlice,desc,0,2048,10,260000,269266,1,9216,48,48,12000,12000,2400,2400,2400,2400,38064,38064,9264,9264,48,48,48,48,52.345,4.922,47.420,17.712,0.000,0.000,0.000,0.089,0.022,0.508,0.001,0.619,2,935,1940,2781184,2777088,2772992,2781184,2777088,2772992,3,24,648,0,38064,676,4096,3,24,648,0,38064,676,4096,4948,8780
scale_dense_6,scale_dense,6,8,NoAggWindowSliceAELMDB,desc,0,2048,10,260000,269266,1,9216,48,48,12000,12000,2400,2400,2400,2400,38064,38064,9264,9264,48,48,48,48,52.345,4.922,47.420,17.712,0.000,0.000,0.000,0.076,0.019,0.635,0.001,0.730,2,935,1940,2781184,2777088,2772992,2781184,2777088,2772992,3,24,648,0,38064,676,4096,3,24,648,0,38064,676,4096,4960,8948
scale_sparse_6,scale_sparse,6,8,Vector,desc,0,2048,10,560000,598040,12,3072,96,96,18000,18000,3600,3600,3600,3600,46368,46368,3168,3168,96,96,96,96,9.467,0.042,3.167,0.000,1.815,0.254,4.188,7.411,0.002,0.177,0.001,7.589,2,3438,3442,1854728,1855488,1854728,1854728,1855488,1854728,0,0,0,0,0,0,0,0,0,0,0,0,0,0,4996,11024
scale_sparse_6,scale_sparse,6,8,BTreeLMDB,desc,0,2048,10,560000,598040,12,3072,96,96,18000,18000,3600,3600,3600,3600,46368,46368,3168,3168,96,96,96,96,57.579,3.972,53.598,24.674,0.000,0.000,0.000,0.091,0.110,2.128,0.001,2.329,2,3438,3442,3629056,3624960,3620864,3629056,3624960,3620864,2,1,9,869,870,883,4096,2,1,9,869,870,883,4096,4916,11296
scale_sparse_6,scale_sparse,6,8,AELMDBSlice,desc,0,2048,10,560000,598040,12,3072,96,96,18000,18000,3600,3600,3600,3600,46368,46368,3168,3168,96,96,96,96,63.940,4.793,59.143,21.909,0.000,0.000,0.000,0.075,0.021,0.330,0.001,0.426,2,3438,3442,3584000,3579904,3575808,3584000,3579904,3575808,3,31,837,0,46368,872,4096,3,31,837,0,46368,872,4096,4980,8360
scale_sparse_6,scale_sparse,6,8,NoAggWindowSliceAELMDB,desc,0,2048,10,560000,598040,12,3072,96,96,18000,18000,3600,3600,3600,3600,46368,46368,3168,3168,96,96,96,96,63.940,4.793,59.143,21.909,0.000,0.000,0.000,0.063,0.013,0.387,0.001,0.462,2,3438,3442,3584000,3579904,3575808,3584000,3579904,3575808,3,31,837,0,46368,872,4096,3,31,837,0,46368,872,4096,4924,8444
scale_dense_7,scale_dense,7,8,Vector,desc,0,2048,10,270000,282602,1,12544,56,56,14000,14000,2800,2800,2800,2800,46200,46200,12600,12600,56,56,56,56,12.224,0.044,3.154,0.000,4.617,0.339,4.069,7.773,0.001,0.255,0.001,8.029,2,935,2248,1848008,1851392,1848008,1848008,1851392,1848008,0,0,0,0,0,0,0,0,0,0,0,0,0,0,5012,11020
scale_dense_7,scale_dense,7,8,BTreeLMDB,desc,0,2048,10,270000,282602,1,12544,56,56,14000,14000,2800,2800,2800,2800,46200,46200,12600,12600,56,56,56,56,54.975,4.005,50.963,23.194,0.000,0.000,0.000,0.245,0.197,7.536,0.001,7.977,2,935,2248,3362816,3358720,3354624,3362816,3358720,3354624,2,1,8,805,806,818,4096,2,1,8,805,806,818,4096,5012,11740
scale_dense_7,scale_dense,7,8,AELMDBSlice,desc,0,2048,10,270000,282602,1,12544,56,56,14000,14000,2800,2800,2800,2800,46200,46200,12600,12600,56,56,56,56,61.838,4.702,57.133,20.944,0.000,0.000,0.000,0.086,0.026,0.525,0.001,0.636,2,935,2248,3330048,3325952,3321856,3330048,3325952,3321856,3,28,778,0,46200,810,4096,3,28,778,0,46200,810,4096,4920,9216
scale_dense_7,scale_dense,7,8,NoAggWindowSliceAELMDB,desc,0,2048,10,270000,282602,1,12544,56,56,14000,14000,2800,2800,2800,2800,46200,46200,12600,12600,56,56,56,56,61.838,4.702,57.133,20.944,0.000,0.000,0.000,0.085,0.022,0.632,0.001,0.738,2,935,2248,3330048,3325952,3321856,3330048,3325952,3321856,3,28,778,0,46200,810,4096,3,28,778,0,46200,810,4096,4972,9388
scale_sparse_7,scale_sparse,7,8,Vector,desc,0,2048,10,570000,621772,14,3584,112,112,21000,21000,4200,4200,4200,4200,54096,54096,3696,3696,112,112,112,112,10.685,0.045,3.468,0.000,2.120,0.263,4.788,8.020,0.001,0.185,0.001,8.205,2,3950,3954,2163848,2166784,2163848,2163848,2166784,2163848,0,0,0,0,0,0,0,0,0,0,0,0,0,0,5016,11652
scale_sparse_7,scale_sparse,7,8,BTreeLMDB,desc,0,2048,10,570000,621772,14,3584,112,112,21000,21000,4200,4200,4200,4200,54096,54096,3696,3696,112,112,112,112,65.622,4.003,61.611,27.644,0.000,0.000,0.000,0.108,0.117,2.527,0.002,2.752,2,3950,3954,4222976,4218880,4214784,4222976,4218880,4214784,2,1,10,1013,1014,1028,4096,2,1,10,1013,1014,1028,4096,5000,12032
scale_sparse_7,scale_sparse,7,8,AELMDBSlice,desc,0,2048,10,570000,621772,14,3584,112,112,21000,21000,4200,4200,4200,4200,54096,54096,3696,3696,112,112,112,112,73.424,4.817,68.603,24.685,0.000,0.000,0.000,0.080,0.016,0.343,0.002,0.439,2,3950,3954,4182016,4177920,4173824,4182016,4177920,4173824,3,37,977,0,54096,1018,4096,3,37,977,0,54096,1018,4096,4996,8376
scale_sparse_7,scale_sparse,7,8,NoAggWindowSliceAELMDB,desc,0,2048,10,570000,621772,14,3584,112,112,21000,21000,4200,4200,4200,4200,54096,54096,3696,3696,112,112,112,112,73.424,4.817,68.603,24.685,0.000,0.000,0.000,0.072,0.010,0.386,0.002,0.468,2,3950,3954,4182016,4177920,4173824,4182016,4177920,4173824,3,37,977,0,54096,1018,4096,3,37,977,0,54096,1018,4096,4972,8340
scale_dense_8,scale_dense,8,8,Vector,desc,0,2048,10,280000,296450,1,16384,64,64,16000,16000,3200,3200,3200,3200,54848,54848,16448,16448,64,64,64,64,13.626,0.056,2.807,0.000,5.609,0.341,4.812,7.931,0.001,0.268,0.001,8.200,2,631,2428,2193928,2195456,2193928,2193928,2195456,2193928,0,0,0,0,0,0,0,0,0,0,0,0,0,0,4972,11716
scale_dense_8,scale_dense,8,8,BTreeLMDB,desc,0,2048,10,280000,296450,1,16384,64,64,16000,16000,3200,3200,3200,3200,54848,54848,16448,16448,64,64,64,64,64.168,4.044,60.116,26.858,0.000,0.000,0.000,0.147,0.230,4.972,0.001,5.349,2,631,2428,3940352,3936256,3932160,3940352,3936256,3932160,2,1,9,945,946,959,4096,2,1,9,945,946,959,4096,4988,12452
scale_dense_8,scale_dense,8,8,AELMDBSlice,desc,0,2048,10,280000,296450,1,16384,64,64,16000,16000,3200,3200,3200,3200,54848,54848,16448,16448,64,64,64,64,72.308,4.898,67.407,24.184,0.000,0.000,0.000,0.075,0.021,0.427,0.001,0.523,2,631,2428,3911680,3907584,3903488,3911680,3907584,3903488,3,33,915,0,54848,952,4096,3,33,915,0,54848,952,4096,4984,9624
scale_dense_8,scale_dense,8,8,NoAggWindowSliceAELMDB,desc,0,2048,10,280000,296450,1,16384,64,64,16000,16000,3200,3200,3200,3200,54848,54848,16448,16448,64,64,64,64,72.308,4.898,67.407,24.184,0.000,0.000,0.000,0.089,0.019,0.505,0.001,0.613,2,631,2428,3911680,3907584,3903488,3911680,3907584,3903488,3,33,915,0,54848,952,4096,3,33,915,0,54848,952,4096,5020,9624
scale_sparse_8,scale_sparse,8,8,Vector,desc,0,2048,10,580000,647616,16,4096,128,128,24000,24000,4800,4800,4800,4800,61824,61824,4224,4224,128,128,128,128,12.585,1.033,3.170,0.000,2.475,0.384,5.512,8.622,0.001,0.195,0.002,8.818,2,4462,4466,2472968,2473984,2472968,2472968,2473984,2472968,0,0,0,0,0,0,0,0,0,0,0,0,0,0,4940,12176
scale_sparse_8,scale_sparse,8,8,BTreeLMDB,desc,0,2048,10,580000,647616,16,4096,128,128,24000,24000,4800,4800,4800,4800,61824,61824,4224,4224,128,128,128,128,81.487,7.790,73.687,32.578,0.000,0.000,0.000,0.090,0.136,2.445,0.002,2.671,2,4462,4466,4820992,4816896,4812800,4820992,4816896,4812800,2,1,11,1158,1159,1174,4096,2,1,11,1158,1159,1174,4096,4996,12432
scale_sparse_8,scale_sparse,8,8,AELMDBSlice,desc,0,2048,10,580000,647616,16,4096,128,128,24000,24000,4800,4800,4800,4800,61824,61824,4224,4224,128,128,128,128,85.888,6.181,79.702,28.446,0.000,0.000,0.000,0.080,0.017,0.342,0.002,0.439,2,4462,4466,4771840,4767744,4763648,4771840,4767744,4763648,3,42,1116,0,61824,1162,4096,3,42,1116,0,61824,1162,4096,4992,8372
scale_sparse_8,scale_sparse,8,8,NoAggWindowSliceAELMDB,desc,0,2048,10,580000,647616,16,4096,128,128,24000,24000,4800,4800,4800,4800,61824,61824,4224,4224,128,128,128,128,85.888,6.181,79.702,28.446,0.000,0.000,0.000,0.077,0.009,0.401,0.002,0.487,2,4462,4466,4771840,4767744,4763648,4771840,4767744,4763648,3,42,1116,0,61824,1162,4096,3,42,1116,0,61824,1162,4096,5000,8500
stress_bigdiff_dyn_1,stress_bigdiff_dyn,1,8,Vector,desc,0,2048,10,1020000,1025122,1,4096,1024,1024,2000,2000,400,400,400,400,9920,9920,5120,5120,1024,1024,1024,1024,2.556,0.062,0.528,0.000,0.390,0.671,0.902,1.580,0.001,0.612,0.017,2.193,2,33815,34716,396808,397312,396808,396808,397312,396808,0,0,0,0,0,0,0,0,0,0,0,0,0,0,5032,8444
stress_bigdiff_dyn_1,stress_bigdiff_dyn,1,8,BTreeLMDB,desc,0,2048,10,1020000,1025122,1,4096,1024,1024,2000,2000,400,400,400,400,9920,9920,5120,5120,1024,1024,1024,1024,16.732,3.725,12.999,8.018,0.000,0.000,0.000,0.088,0.028,5.509,0.018,5.625,2,33815,34716,696320,692224,688128,696320,692224,688128,2,1,3,159,160,167,4096,2,1,3,159,160,167,4096,5016,9080
stress_bigdiff_dyn_1,stress_bigdiff_dyn,1,8,AELMDBSlice,desc,0,2048,10,1020000,1025122,1,4096,1024,1024,2000,2000,400,400,400,400,9920,9920,5120,5120,1024,1024,1024,1024,17.970,3.545,14.421,7.383,0.000,0.000,0.000,0.115,0.031,0.956,0.018,1.103,2,33815,34716,684032,679936,675840,684032,679936,675840,3,7,153,0,9920,164,4096,3,7,153,0,9920,164,4096,5004,8816
stress_bigdiff_dyn_1,stress_bigdiff_dyn,1,8,NoAggWindowSliceAELMDB,desc,0,2048,10,1020000,1025122,1,4096,1024,1024,2000,2000,400,400,400,400,9920,9920,5120,5120,1024,1024,1024,1024,17.970,3.545,14.421,7.383,0.000,0.000,0.000,0.082,0.021,1.070,0.018,1.173,2,33815,34716,684032,679936,675840,684032,679936,675840,3,7,153,0,9920,164,4096,3,7,153,0,9920,164,4096,5020,8940
stress_bigdiff_1,stress_bigdiff,1,8,Vector,desc,0,2048,10,910000,911090,1,1024,64,64,4000,4000,800,800,800,800,10688,10688,1088,1088,64,64,64,64,2.119,0.044,0.468,0.000,0.452,0.193,0.960,1.606,0.001,0.152,0.001,1.760,2,2553,2556,427528,430080,427528,427528,430080,427528,0,0,0,0,0,0,0,0,0,0,0,0,0,0,4988,8216
stress_bigdiff_1,stress_bigdiff,1,8,BTreeLMDB,desc,0,2048,10,910000,911090,1,1024,64,64,4000,4000,800,800,800,800,10688,10688,1088,1088,64,64,64,64,19.062,3.623,15.431,9.570,0.000,0.000,0.000,0.083,0.032,1.421,0.001,1.536,2,2553,2556,860160,856064,851968,860160,856064,851968,2,1,3,199,200,207,4096,2,1,3,199,200,207,4096,4976,8904
stress_bigdiff_1,stress_bigdiff,1,8,AELMDBSlice,desc,0,2048,10,910000,911090,1,1024,64,64,4000,4000,800,800,800,800,10688,10688,1088,1088,64,64,64,64,20.621,4.067,16.550,8.600,0.000,0.000,0.000,0.075,0.012,0.306,0.001,0.393,2,2553,2556,843776,839680,835584,843776,839680,835584,3,7,192,0,10688,203,4096,3,7,192,0,10688,203,4096,4952,8092
stress_bigdiff_1,stress_bigdiff,1,8,NoAggWindowSliceAELMDB,desc,0,2048,10,910000,911090,1,1024,64,64,4000,4000,800,800,800,800,10688,10688,1088,1088,64,64,64,64,20.621,4.067,16.550,8.600,0.000,0.000,0.000,0.084,0.012,0.352,0.001,0.448,2,2553,2556,843776,839680,835584,843776,839680,835584,3,7,192,0,10688,203,4096,3,7,192,0,10688,203,4096,4948,8188
stress_bigdiff_dyn_2,stress_bigdiff_dyn,2,8,Vector,desc,0,2048,10,1040000,1060482,1,16384,4096,4096,8000,8000,1600,1600,1600,1600,39680,39680,20480,20480,4096,4096,4096,4096,11.089,0.038,2.441,0.000,2.303,2.672,3.633,6.539,0.001,2.557,0.067,9.097,2,16135,135708,1587208,1589248,1587208,1587208,1589248,1587208,0,0,0,0,0,0,0,0,0,0,0,0,0,0,5104,11460
stress_bigdiff_dyn_2,stress_bigdiff_dyn,2,8,BTreeLMDB,desc,0,2048,10,1040000,1060482,1,16384,4096,4096,8000,8000,1600,1600,1600,1600,39680,39680,20480,20480,4096,4096,4096,4096,45.107,3.561,41.538,19.109,0.000,0.000,0.000,0.118,0.116,97.065,0.077,97.300,2,16135,135708,2633728,2629632,2625536,2633728,2629632,2625536,2,1,7,628,629,640,4096,2,1,7,628,629,640,4096,5012,12448
stress_bigdiff_dyn_2,stress_bigdiff_dyn,2,8,AELMDBSlice,desc,0,2048,10,1040000,1060482,1,16384,4096,4096,8000,8000,1600,1600,1600,1600,39680,39680,20480,20480,4096,4096,4096,4096,51.031,4.496,46.531,17.052,0.000,0.000,0.000,0.081,0.027,7.558,0.073,7.666,2,16135,135708,2617344,2613248,2609152,2617344,2613248,2609152,3,21,611,0,39680,636,4096,3,21,611,0,39680,636,4096,5112,11100
stress_bigdiff_dyn_2,stress_bigdiff_dyn,2,8,NoAggWindowSliceAELMDB,desc,0,2048,10,1040000,1060482,1,16384,4096,4096,8000,8000,1600,1600,1600,1600,39680,39680,20480,20480,4096,4096,4096,4096,51.031,4.496,46.531,17.052,0.000,0.000,0.000,0.077,0.028,9.217,0.071,9.322,2,16135,135708,2617344,2613248,2609152,2617344,2613248,2609152,3,21,611,0,39680,636,4096,3,21,611,0,39680,636,4096,5124,11232
stress_bigdiff_2,stress_bigdiff,2,8,Vector,desc,0,2048,10,920000,924226,1,4096,128,128,8000,8000,1600,1600,1600,1600,23424,23424,4224,4224,128,128,128,128,5.097,0.049,0.817,0.000,1.944,0.235,2.049,3.567,0.001,0.192,0.002,3.760,2,4455,4444,936968,937984,936968,936968,937984,936968,0,0,0,0,0,0,0,0,0,0,0,0,0,0,4972,9276
stress_bigdiff_2,stress_bigdiff,2,8,BTreeLMDB,desc,0,2048,10,920000,924226,1,4096,128,128,8000,8000,1600,1600,1600,1600,23424,23424,4224,4224,128,128,128,128,31.927,4.166,27.752,14.662,0.000,0.000,0.000,0.085,0.061,1.763,0.002,1.909,2,4455,4444,1785856,1781760,1777664,1785856,1781760,1777664,2,1,5,423,424,433,4096,2,1,5,423,424,433,4096,4988,9824
stress_bigdiff_2,stress_bigdiff,2,8,AELMDBSlice,desc,0,2048,10,920000,924226,1,4096,128,128,8000,8000,1600,1600,1600,1600,23424,23424,4224,4224,128,128,128,128,34.871,4.067,30.799,13.443,0.000,0.000,0.000,0.077,0.017,0.319,0.002,0.412,2,4455,4444,1765376,1761280,1757184,1765376,1761280,1757184,3,16,408,0,23424,428,4096,3,16,408,0,23424,428,4096,4936,8340
stress_bigdiff_2,stress_bigdiff,2,8,NoAggWindowSliceAELMDB,desc,0,2048,10,920000,924226,1,4096,128,128,8000,8000,1600,1600,1600,1600,23424,23424,4224,4224,128,128,128,128,34.871,4.067,30.799,13.443,0.000,0.000,0.000,0.066,0.009,0.361,0.002,0.436,2,4455,4444,1765376,1761280,1757184,1765376,1761280,1757184,3,16,408,0,23424,428,4096,3,16,408,0,23424,428,4096,5004,8512
stress_bigdiff_dyn_3,stress_bigdiff_dyn,3,8,Vector,desc,0,2048,10,1060000,1106082,1,36864,9216,9216,18000,18000,3600,3600,3600,3600,89280,89280,46080,46080,9216,9216,9216,9216,23.339,0.047,5.009,0.000,6.047,4.445,7.788,14.342,0.001,4.230,0.194,18.574,2,16135,299739,3571208,3571712,3571208,3571208,3571712,3571208,0,0,0,0,0,0,0,0,0,0,0,0,0,0,5208,16736
stress_bigdiff_dyn_3,stress_bigdiff_dyn,3,8,BTreeLMDB,desc,0,2048,10,1060000,1106082,1,36864,9216,9216,18000,18000,3600,3600,3600,3600,89280,89280,46080,46080,9216,9216,9216,9216,98.733,4.265,94.456,39.547,0.000,0.000,0.000,0.095,0.157,110.896,0.205,111.148,2,16135,299739,5869568,5865472,5861376,5869568,5865472,5861376,2,1,13,1412,1413,1430,4096,2,1,13,1412,1413,1430,4096,5252,17584
stress_bigdiff_dyn_3,stress_bigdiff_dyn,3,8,AELMDBSlice,desc,0,2048,10,1060000,1106082,1,36864,9216,9216,18000,18000,3600,3600,3600,3600,89280,89280,46080,46080,9216,9216,9216,9216,107.380,3.911,103.465,34.074,0.000,0.000,0.000,0.125,0.037,10.340,0.203,10.501,2,16135,299739,5832704,5828608,5824512,5832704,5828608,5824512,3,44,1373,0,89280,1421,4096,3,44,1373,0,89280,1421,4096,5228,13760
stress_bigdiff_dyn_3,stress_bigdiff_dyn,3,8,NoAggWindowSliceAELMDB,desc,0,2048,10,1060000,1106082,1,36864,9216,9216,18000,18000,3600,3600,3600,3600,89280,89280,46080,46080,9216,9216,9216,9216,107.380,3.911,103.465,34.074,0.000,0.000,0.000,0.100,0.021,12.012,0.204,12.133,2,16135,299739,5832704,5828608,5824512,5832704,5828608,5824512,3,44,1373,0,89280,1421,4096,3,44,1373,0,89280,1421,4096,5280,13808
stress_bigdiff_3,stress_bigdiff,3,8,Vector,desc,0,2048,10,930000,939410,1,9216,192,192,12000,12000,2400,2400,2400,2400,38208,38208,9408,9408,192,192,192,192,8.882,0.046,1.524,0.000,3.584,0.427,3.299,6.631,0.001,0.376,0.002,7.008,2,2151,6836,1528328,1531904,1528328,1528328,1531904,1528328,0,0,0,0,0,0,0,0,0,0,0,0,0,0,4976,10384
stress_bigdiff_3,stress_bigdiff,3,8,BTreeLMDB,desc,0,2048,10,930000,939410,1,9216,192,192,12000,12000,2400,2400,2400,2400,38208,38208,9408,9408,192,192,192,192,46.497,4.246,42.244,20.165,0.000,0.000,0.000,0.087,0.099,10.347,0.003,10.533,2,2151,6836,2813952,2809856,2805760,2813952,2809856,2805760,2,1,7,672,673,684,4096,2,1,7,672,673,684,4096,4948,11052
stress_bigdiff_3,stress_bigdiff,3,8,AELMDBSlice,desc,0,2048,10,930000,939410,1,9216,192,192,12000,12000,2400,2400,2400,2400,38208,38208,9408,9408,192,192,192,192,51.312,4.153,47.155,17.671,0.000,0.000,0.000,0.113,0.029,1.044,0.002,1.186,2,2151,6836,2789376,2785280,2781184,2789376,2785280,2781184,3,24,650,0,38208,678,4096,3,24,650,0,38208,678,4096,4920,8824
stress_bigdiff_3,stress_bigdiff,3,8,NoAggWindowSliceAELMDB,desc,0,2048,10,930000,939410,1,9216,192,192,12000,12000,2400,2400,2400,2400,38208,38208,9408,9408,192,192,192,192,51.312,4.153,47.155,17.671,0.000,0.000,0.000,0.083,0.019,1.325,0.003,1.426,2,2151,6836,2789376,2785280,2781184,2789376,2785280,2781184,3,24,650,0,38208,678,4096,3,24,650,0,38208,678,4096,4960,8972
stress_bigdiff_dyn_4,stress_bigdiff_dyn,4,8,Vector,desc,0,2048,10,1080000,1161922,1,65536,16384,16384,32000,32000,6400,6400,6400,6400,158720,158720,81920,81920,16384,16384,16384,16384,45.426,0.049,11.684,0.000,12.066,7.668,13.956,27.619,0.003,7.458,0.393,35.081,2,16135,529371,6348808,6352896,6348808,6348808,6352896,6348808,0,0,0,0,0,0,0,0,0,0,0,0,0,0,5232,23556
stress_bigdiff_dyn_4,stress_bigdiff_dyn,4,8,BTreeLMDB,desc,0,2048,10,1080000,1161922,1,65536,16384,16384,32000,32000,6400,6400,6400,6400,158720,158720,81920,81920,16384,16384,16384,16384,171.536,4.159,167.367,66.528,0.000,0.000,0.000,0.088,0.290,139.871,0.412,140.249,2,16135,529371,10399744,10395648,10391552,10399744,10395648,10391552,2,1,23,2508,2509,2536,4096,2,1,23,2508,2509,2536,4096,5236,24468
stress_bigdiff_dyn_4,stress_bigdiff_dyn,4,8,AELMDBSlice,desc,0,2048,10,1080000,1161922,1,65536,16384,16384,32000,32000,6400,6400,6400,6400,158720,158720,81920,81920,16384,16384,16384,16384,189.335,4.442,184.889,54.364,0.000,0.000,0.000,0.085,0.029,12.207,0.404,12.321,2,16135,529371,10350592,10346496,10342400,10350592,10346496,10342400,4,79,2441,0,158720,2524,4096,4,79,2441,0,158720,2524,4096,5200,16920
stress_bigdiff_dyn_4,stress_bigdiff_dyn,4,8,NoAggWindowSliceAELMDB,desc,0,2048,10,1080000,1161922,1,65536,16384,16384,32000,32000,6400,6400,6400,6400,158720,158720,81920,81920,16384,16384,16384,16384,189.335,4.442,184.889,54.364,0.000,0.000,0.000,0.083,0.023,13.886,0.394,13.992,2,16135,529371,10350592,10346496,10342400,10350592,10346496,10342400,4,79,2441,0,158720,2524,4096,4,79,2441,0,158720,2524,4096,5236,16944
stress_bigdiff_4,stress_bigdiff,4,8,Vector,desc,0,2048,10,940000,956642,1,16384,256,256,16000,16000,3200,3200,3200,3200,55040,55040,16640,16640,256,256,256,256,12.677,0.046,1.935,0.000,5.514,0.445,4.735,7.972,0.001,0.371,0.003,8.343,2,1543,8892,2201608,2203648,2201608,2201608,2203648,2201608,0,0,0,0,0,0,0,0,0,0,0,0,0,0,5032,11756
stress_bigdiff_4,stress_bigdiff,4,8,BTreeLMDB,desc,0,2048,10,940000,956642,1,16384,256,256,16000,16000,3200,3200,3200,3200,55040,55040,16640,16640,256,256,256,256,62.847,4.291,58.549,26.376,0.000,0.000,0.000,0.095,0.140,10.239,0.004,10.474,2,1543,8892,3948544,3944448,3940352,3948544,3944448,3940352,2,1,9,947,948,961,4096,2,1,9,947,948,961,4096,4960,12624
stress_bigdiff_4,stress_bigdiff,4,8,AELMDBSlice,desc,0,2048,10,940000,956642,1,16384,256,256,16000,16000,3200,3200,3200,3200,55040,55040,16640,16640,256,256,256,256,66.718,4.128,62.585,23.211,0.000,0.000,0.000,0.084,0.027,0.860,0.003,0.972,2,1543,8892,3919872,3915776,3911680,3919872,3915776,3911680,3,33,917,0,55040,954,4096,3,33,917,0,55040,954,4096,5000,9792
stress_bigdiff_4,stress_bigdiff,4,8,NoAggWindowSliceAELMDB,desc,0,2048,10,940000,956642,1,16384,256,256,16000,16000,3200,3200,3200,3200,55040,55040,16640,16640,256,256,256,256,66.718,4.128,62.585,23.211,0.000,0.000,0.000,0.128,0.037,1.079,0.003,1.243,2,1543,8892,3919872,3915776,3911680,3919872,3915776,3911680,3,33,917,0,55040,954,4096,3,33,917,0,55040,954,4096,5020,9800
stress_bigdiff_dyn_5,stress_bigdiff_dyn,5,8,Vector,desc,0,2048,10,1100000,1228002,1,102400,25600,25600,50000,50000,10000,10000,10000,10000,248000,248000,128000,128000,25600,25600,25600,25600,67.084,0.043,9.612,0.000,19.688,16.000,21.739,36.490,0.003,15.892,0.985,52.386,3,238293,899001,9920008,9920512,9920008,9920008,9920512,9920008,0,0,0,0,0,0,0,0,0,0,0,0,0,0,5384,33280
stress_bigdiff_dyn_5,stress_bigdiff_dyn,5,8,BTreeLMDB,desc,0,2048,10,1100000,1228002,1,102400,25600,25600,50000,50000,10000,10000,10000,10000,248000,248000,128000,128000,25600,25600,25600,25600,276.020,6.104,269.907,100.234,0.000,0.000,0.000,0.088,0.425,989.113,1.146,989.626,3,238293,899001,16224256,16220160,16216064,16224256,16220160,16216064,2,1,34,3919,3920,3958,4096,2,1,34,3919,3920,3958,4096,5428,31836
stress_bigdiff_dyn_5,stress_bigdiff_dyn,5,8,AELMDBSlice,desc,0,2048,10,1100000,1228002,1,102400,25600,25600,50000,50000,10000,10000,10000,10000,248000,248000,128000,128000,25600,25600,25600,25600,303.809,5.472,298.332,80.308,0.000,0.000,0.000,0.083,0.033,44.425,0.995,44.542,3,238293,899001,16154624,16150528,16146432,16154624,16150528,16146432,4,123,3814,0,248000,3941,4096,4,123,3814,0,248000,3941,4096,5432,20324
stress_bigdiff_dyn_5,stress_bigdiff_dyn,5,8,NoAggWindowSliceAELMDB,desc,0,2048,10,1100000,1228002,1,102400,25600,25600,50000,50000,10000,10000,10000,10000,248000,248000,128000,128000,25600,25600,25600,25600,303.809,5.472,298.332,80.308,0.000,0.000,0.000,0.131,0.045,52.851,1.000,53.027,3,238293,899001,16154624,16150528,16146432,16154624,16150528,16146432,4,123,3814,0,248000,3941,4096,4,123,3814,0,248000,3941,4096,5344,20424
stress_bigdiff_5,stress_bigdiff,5,8,Vector,desc,0,2048,10,950000,975922,1,25600,320,320,20000,20000,4000,4000,4000,4000,73920,73920,25920,25920,320,320,320,320,22.220,0.070,3.922,0.000,7.764,0.798,9.663,13.509,0.001,0.444,0.005,13.954,2,1543,10792,2956808,2957312,2956808,2956808,2957312,2956808,0,0,0,0,0,0,0,0,0,0,0,0,0,0,4996,13224
stress_bigdiff_5,stress_bigdiff,5,8,BTreeLMDB,desc,0,2048,10,950000,975922,1,25600,320,320,20000,20000,4000,4000,4000,4000,73920,73920,25920,25920,320,320,320,320,83.955,4.982,78.962,32.681,0.000,0.000,0.000,0.094,0.133,6.933,0.005,7.159,2,1543,10792,5193728,5189632,5185536,5193728,5189632,5185536,2,1,12,1248,1249,1265,4096,2,1,12,1248,1249,1265,4096,4992,14080
stress_bigdiff_5,stress_bigdiff,5,8,AELMDBSlice,desc,0,2048,10,950000,975922,1,25600,320,320,20000,20000,4000,4000,4000,4000,73920,73920,25920,25920,320,320,320,320,88.178,4.229,83.945,30.485,0.000,0.000,0.000,0.125,0.043,0.863,0.005,1.032,2,1543,10792,5156864,5152768,5148672,5156864,5152768,5148672,3,42,1210,0,73920,1256,4096,3,42,1210,0,73920,1256,4096,4952,10416
stress_bigdiff_5,stress_bigdiff,5,8,NoAggWindowSliceAELMDB,desc,0,2048,10,950000,975922,1,25600,320,320,20000,20000,4000,4000,4000,4000,73920,73920,25920,25920,320,320,320,320,88.178,4.229,83.945,30.485,0.000,0.000,0.000,0.157,0.026,1.045,0.005,1.228,2,1543,10792,5156864,5152768,5148672,5156864,5152768,5148672,3,42,1210,0,73920,1256,4096,3,42,1210,0,73920,1256,4096,4984,10448
stress_bigdiff_dyn_6,stress_bigdiff_dyn,6,8,Vector,desc,0,2048,10,1120000,1304322,1,147456,36864,36864,72000,72000,14400,14400,14400,14400,357120,357120,184320,184320,36864,36864,36864,36864,115.533,0.047,18.930,0.000,29.652,35.777,31.125,60.813,0.004,35.186,0.657,96.003,3,1248221,1482657,14284808,14286848,14284808,14284808,14286848,14284808,0,0,0,0,0,0,0,0,0,0,0,0,0,0,5512,46180
stress_bigdiff_dyn_6,stress_bigdiff_dyn,6,8,BTreeLMDB,desc,0,2048,10,1120000,1304322,1,147456,36864,36864,72000,72000,14400,14400,14400,14400,357120,357120,184320,184320,36864,36864,36864,36864,403.363,6.011,397.343,138.641,0.000,0.000,0.000,0.094,0.163,2624.528,0.805,2624.785,3,1248221,1482657,23355392,23351296,23347200,23355392,23351296,23347200,2,1,49,5645,5646,5699,4096,2,1,49,5645,5646,5699,4096,5592,35896
stress_bigdiff_dyn_6,stress_bigdiff_dyn,6,8,AELMDBSlice,desc,0,2048,10,1120000,1304322,1,147456,36864,36864,72000,72000,14400,14400,14400,14400,357120,357120,184320,184320,36864,36864,36864,36864,437.122,4.506,432.609,112.162,0.000,0.000,0.000,0.089,0.032,126.000,0.750,126.121,3,1248221,1482657,23244800,23240704,23236608,23244800,23240704,23236608,4,176,5492,0,357120,5672,4096,4,176,5492,0,357120,5672,4096,5568,25580
stress_bigdiff_dyn_6,stress_bigdiff_dyn,6,8,NoAggWindowSliceAELMDB,desc,0,2048,10,1120000,1304322,1,147456,36864,36864,72000,72000,14400,14400,14400,14400,357120,357120,184320,184320,36864,36864,36864,36864,437.122,4.506,432.609,112.162,0.000,0.000,0.000,0.094,0.031,151.048,0.688,151.172,3,1248221,1482657,23244800,23240704,23236608,23244800,23240704,23236608,4,176,5492,0,357120,5672,4096,4,176,5492,0,357120,5672,4096,5556,25712
stress_bigdiff_6,stress_bigdiff,6,8,Vector,desc,0,2048,10,960000,997250,1,36864,384,384,24000,24000,4800,4800,4800,4800,94848,94848,37248,37248,384,384,384,384,35.434,0.093,7.294,0.000,14.822,0.917,12.303,15.063,0.002,0.510,0.005,15.575,2,1239,12951,3793928,3796992,3793928,3793928,3796992,3793928,0,0,0,0,0,0,0,0,0,0,0,0,0,0,4996,14896
stress_bigdiff_6,stress_bigdiff,6,8,BTreeLMDB,desc,0,2048,10,960000,997250,1,36864,384,384,24000,24000,4800,4800,4800,4800,94848,94848,37248,37248,384,384,384,384,101.819,4.287,97.520,42.748,0.000,0.000,0.000,0.147,0.250,10.849,0.006,11.246,2,1239,12951,6549504,6545408,6541312,6549504,6545408,6541312,2,1,15,1576,1577,1596,4096,2,1,15,1576,1577,1596,4096,4952,15216
stress_bigdiff_6,stress_bigdiff,6,8,AELMDBSlice,desc,0,2048,10,960000,997250,1,36864,384,384,24000,24000,4800,4800,4800,4800,94848,94848,37248,37248,384,384,384,384,112.883,4.101,108.778,37.868,0.000,0.000,0.000,0.120,0.026,0.818,0.006,0.964,2,1239,12951,6508544,6504448,6500352,6508544,6504448,6500352,4,53,1529,0,94848,1586,4096,4,53,1529,0,94848,1586,4096,4964,11044
stress_bigdiff_6,stress_bigdiff,6,8,NoAggWindowSliceAELMDB,desc,0,2048,10,960000,997250,1,36864,384,384,24000,24000,4800,4800,4800,4800,94848,94848,37248,37248,384,384,384,384,112.883,4.101,108.778,37.868,0.000,0.000,0.000,0.093,0.024,1.002,0.006,1.120,2,1239,12951,6508544,6504448,6500352,6508544,6504448,6500352,4,53,1529,0,94848,1586,4096,4,53,1529,0,94848,1586,4096,4996,11208
stress_bigdiff_dyn_7,stress_bigdiff_dyn,7,8,Vector,desc,0,2048,10,1140000,1390882,1,200704,50176,50176,98000,98000,19600,19600,19600,19600,486080,486080,250880,250880,50176,50176,50176,50176,148.844,0.051,22.872,0.000,42.789,40.737,42.393,77.227,0.004,43.973,1.393,121.204,3,1674205,1908641,19443208,19443712,19443208,19443208,19443712,19443208,0,0,0,0,0,0,0,0,0,0,0,0,0,0,5788,58588
stress_bigdiff_dyn_7,stress_bigdiff_dyn,7,8,BTreeLMDB,desc,0,2048,10,1140000,1390882,1,200704,50176,50176,98000,98000,19600,19600,19600,19600,486080,486080,250880,250880,50176,50176,50176,50176,608.522,5.778,602.735,191.727,0.000,0.000,0.000,0.102,0.462,2773.899,1.321,2774.463,3,1674205,1908641,31768576,31768576,31760384,31768576,31764480,31760384,2,1,66,7682,7683,7753,4096,2,1,66,7682,7683,7753,4096,5756,51880
stress_bigdiff_dyn_7,stress_bigdiff_dyn,7,8,AELMDBSlice,desc,0,2048,10,1140000,1390882,1,200704,50176,50176,98000,98000,19600,19600,19600,19600,486080,486080,250880,250880,50176,50176,50176,50176,599.385,4.799,594.577,151.194,0.000,0.000,0.000,0.085,0.034,144.981,1.127,145.100,3,1674205,1908641,31629312,31625216,31621120,31629312,31625216,31621120,4,240,7475,0,486080,7719,4096,4,240,7475,0,486080,7719,4096,5788,30464
stress_bigdiff_dyn_7,stress_bigdiff_dyn,7,8,NoAggWindowSliceAELMDB,desc,0,2048,10,1140000,1390882,1,200704,50176,50176,98000,98000,19600,19600,19600,19600,486080,486080,250880,250880,50176,50176,50176,50176,599.385,4.799,594.577,151.194,0.000,0.000,0.000,0.090,0.031,173.157,1.127,173.278,3,1674205,1908641,31629312,31625216,31621120,31629312,31625216,31621120,4,240,7475,0,486080,7719,4096,4,240,7475,0,486080,7719,4096,5776,31172
stress_bigdiff_7,stress_bigdiff,7,8,Vector,desc,0,2048,10,970000,1020626,1,50176,448,448,28000,28000,5600,5600,5600,5600,117824,117824,50624,50624,448,448,448,448,43.936,0.085,3.928,0.000,25.247,1.092,13.581,17.398,0.002,0.614,0.006,18.014,2,1239,15007,4712968,4714496,4712968,4712968,4714496,4712968,0,0,0,0,0,0,0,0,0,0,0,0,0,0,5016,16704
stress_bigdiff_7,stress_bigdiff,7,8,BTreeLMDB,desc,0,2048,10,970000,1020626,1,50176,448,448,28000,28000,5600,5600,5600,5600,117824,117824,50624,50624,448,448,448,448,120.963,6.239,114.716,46.784,0.000,0.000,0.000,0.166,0.256,11.990,0.007,12.411,2,1239,15007,8007680,8003584,7999488,8007680,8003584,7999488,2,1,18,1929,1930,1952,4096,2,1,18,1929,1930,1952,4096,4972,17688
stress_bigdiff_7,stress_bigdiff,7,8,AELMDBSlice,desc,0,2048,10,970000,1020626,1,50176,448,448,28000,28000,5600,5600,5600,5600,117824,117824,50624,50624,448,448,448,448,137.394,4.449,132.941,43.556,0.000,0.000,0.000,0.131,0.044,0.766,0.007,0.942,2,1239,15007,7958528,7954432,7950336,7958528,7954432,7950336,4,63,1873,0,117824,1940,4096,4,63,1873,0,117824,1940,4096,5000,11616
stress_bigdiff_7,stress_bigdiff,7,8,NoAggWindowSliceAELMDB,desc,0,2048,10,970000,1020626,1,50176,448,448,28000,28000,5600,5600,5600,5600,117824,117824,50624,50624,448,448,448,448,137.394,4.449,132.941,43.556,0.000,0.000,0.000,0.121,0.035,0.973,0.007,1.129,2,1239,15007,7958528,7954432,7950336,7958528,7954432,7950336,4,63,1873,0,117824,1940,4096,4,63,1873,0,117824,1940,4096,4972,11744
stress_bigdiff_dyn_8,stress_bigdiff_dyn,8,8,Vector,desc,0,2048,10,1160000,1487682,1,262144,65536,65536,128000,128000,25600,25600,25600,25600,634880,634880,327680,327680,65536,65536,65536,65536,212.104,0.049,46.969,0.000,63.092,46.915,55.077,119.569,0.006,47.753,1.573,167.328,3,2165867,2400289,25395208,25399296,25395208,25395208,25399296,25395208,0,0,0,0,0,0,0,0,0,0,0,0,0,0,5944,74068
stress_bigdiff_dyn_8,stress_bigdiff_dyn,8,8,BTreeLMDB,desc,0,2048,10,1160000,1487682,1,262144,65536,65536,128000,128000,25600,25600,25600,25600,634880,634880,327680,327680,65536,65536,65536,65536,790.447,13.028,777.408,253.796,0.000,0.000,0.000,0.101,0.225,2836.410,1.792,2836.737,3,2165867,2400289,41480192,41476096,41472000,41480192,41476096,41472000,2,1,86,10033,10034,10124,4096,2,1,86,10033,10034,10124,4096,6056,54520
stress_bigdiff_dyn_8,stress_bigdiff_dyn,8,8,AELMDBSlice,desc,0,2048,10,1160000,1487682,1,262144,65536,65536,128000,128000,25600,25600,25600,25600,634880,634880,327680,327680,65536,65536,65536,65536,848.620,4.286,844.321,242.331,0.000,0.000,0.000,0.086,0.034,156.952,1.667,157.073,3,2165867,2400289,41299968,41295872,41291776,41299968,41295872,41291776,4,313,9763,0,634880,10080,4096,4,313,9763,0,634880,10080,4096,5996,37144
stress_bigdiff_dyn_8,stress_bigdiff_dyn,8,8,NoAggWindowSliceAELMDB,desc,0,2048,10,1160000,1487682,1,262144,65536,65536,128000,128000,25600,25600,25600,25600,634880,634880,327680,327680,65536,65536,65536,65536,848.620,4.286,844.321,242.331,0.000,0.000,0.000,0.089,0.034,185.156,1.658,185.279,3,2165867,2400289,41299968,41295872,41291776,41299968,41295872,41291776,4,313,9763,0,634880,10080,4096,4,313,9763,0,634880,10080,4096,5956,37360
stress_bigdiff_8,stress_bigdiff,8,8,Vector,desc,0,2048,10,980000,1046050,1,65536,512,512,32000,32000,6400,6400,6400,6400,142848,142848,66048,66048,512,512,512,512,51.934,0.084,5.540,0.000,29.217,1.214,15.874,25.865,0.004,0.709,0.007,26.578,2,935,16971,5713928,5718016,5713928,5713928,5718016,5713928,0,0,0,0,0,0,0,0,0,0,0,0,0,0,4936,18644
stress_bigdiff_8,stress_bigdiff,8,8,BTreeLMDB,desc,0,2048,10,980000,1046050,1,65536,512,512,32000,32000,6400,6400,6400,6400,142848,142848,66048,66048,512,512,512,512,168.859,8.309,160.527,66.349,0.000,0.000,0.000,0.093,0.247,7.160,0.008,7.500,2,935,16971,9572352,9568256,9564160,9572352,9568256,9564160,2,1,21,2308,2309,2334,4096,2,1,21,2308,2309,2334,4096,5028,18716
stress_bigdiff_8,stress_bigdiff,8,8,AELMDBSlice,desc,0,2048,10,980000,1046050,1,65536,512,512,32000,32000,6400,6400,6400,6400,142848,142848,66048,66048,512,512,512,512,173.422,9.950,163.468,51.934,0.000,0.000,0.000,0.078,0.024,0.705,0.008,0.807,2,935,16971,9519104,9515008,9510912,9519104,9515008,9510912,4,74,2243,0,142848,2321,4096,4,74,2243,0,142848,2321,4096,5036,11964
stress_bigdiff_8,stress_bigdiff,8,8,NoAggWindowSliceAELMDB,desc,0,2048,10,980000,1046050,1,65536,512,512,32000,32000,6400,6400,6400,6400,142848,142848,66048,66048,512,512,512,512,173.422,9.950,163.468,51.934,0.000,0.000,0.000,0.069,0.015,0.816,0.007,0.900,2,935,16971,9519104,9515008,9510912,9519104,9515008,9510912,4,74,2243,0,142848,2321,4096,4,74,2243,0,142848,2321,4096,5004,12184
